format,semcoder_1030,semcoder_s_1030
nominal,45.0,44.0
passatk,42.0,42.0
drop (%),6.666666666666667,4.545454545454546
relative (%),6.5,5.0
