format/new_lines,semcoder_1030,semcoder_s_1030
nominal,45.0,44.0
passatk,45.5,45.0
drop (%),-1.1111111111111112,-2.272727272727273
relative (%),3.5000000000000004,2.0
