format/new_line_afterdoc,deepseek-coder-6.7b-base,deepseek-coder-6.7b-instruct,semcoder_1030,semcoder_s_1030
nominal,39.5,31.5,44.5,49.0
passatk,39.5,34.0,45.5,48.0
drop (%),0.0,-7.936507936507936,-2.247191011235955,2.0408163265306123
relative (%),4.0,3.4999999999999996,3.0,2.0
