format,semcoder_s_1030
nominal,62.875
passatk,53.37499999999999
drop (%),15.109343936381721
relative (%),21.875
