natgen/VarRenamerNaive,semcoder_1030,semcoder_s_1030
nominal,58.5,60.5
passatk,57.49999999999999,61.0
drop (%),1.7094017094017218,-0.8264462809917356
relative (%),14.000000000000002,13.5
