natgen,deepseek-coder-6.7b-base,deepseek-coder-6.7b-instruct,semcoder_1030,semcoder_s_1030
nominal,42.0,37.0,64.0,62.0
passatk,31.0,21.5,48.0,43.5
drop (%),26.190476190476193,41.891891891891895,25.0,29.838709677419356
relative (%),24.5,37.0,34.0,37.5
