natgen/VarRenamerCB,semcoder_1030,semcoder_s_1030
nominal,64.0,62.0
passatk,63.0,55.00000000000001
drop (%),1.5625,11.29032258064515
relative (%),20.0,21.0
