natgen/DeadCodeInserter,deepseek-coder-6.7b-base,deepseek-coder-6.7b-instruct,semcoder_1030,semcoder_s_1030
nominal,42.0,37.0,64.0,62.0
passatk,40.5,31.5,62.0,61.5
drop (%),3.571428571428571,14.864864864864865,3.125,0.8064516129032258
relative (%),13.5,18.5,21.000000000000004,21.5
