natgen/DeadCodeInserter,semcoder_1030,semcoder_s_1030
nominal,58.5,60.5
passatk,56.49999999999999,59.5
drop (%),3.418803418803431,1.6528925619834711
relative (%),19.0,20.0
