natgen,semcoder_1030,semcoder_s_1030
nominal,58.5,60.5
passatk,50.0,52.0
drop (%),14.529914529914532,14.049586776859504
relative (%),23.5,25.0
