natgen,semcoder_1030,semcoder_s_1030
nominal,44.5,49.0
passatk,36.5,41.5
drop (%),17.97752808988764,15.306122448979592
relative (%),22.0,18.0
