natgen/VarRenamerNaive,deepseek-coder-6.7b-base,deepseek-coder-6.7b-instruct,semcoder_1030,semcoder_s_1030
nominal,39.5,31.5,44.5,49.0
passatk,37.0,35.0,46.5,48.0
drop (%),6.329113924050633,-11.11111111111111,-4.49438202247191,2.0408163265306123
relative (%),8.5,10.500000000000002,14.000000000000002,8.0
