natgen/VarRenamerNaive,semcoder_1030,semcoder_s_1030
nominal,44.5,49.0
passatk,46.5,48.0
drop (%),-4.49438202247191,2.0408163265306123
relative (%),14.000000000000002,8.0
