natgen/DeadCodeInserter,deepseek-coder-6.7b-base,deepseek-coder-6.7b-instruct,semcoder_1030,semcoder_s_1030
nominal,39.0,36.0,45.0,44.0
passatk,38.5,34.0,42.5,44.5
drop (%),1.282051282051282,5.555555555555555,5.555555555555555,-1.1363636363636365
relative (%),2.5,10.0,8.5,11.5
