natgen/VarRenamerCB,deepseek-coder-6.7b-base,deepseek-coder-6.7b-instruct,semcoder_1030,semcoder_s_1030
nominal,39.5,31.5,44.5,49.0
passatk,39.0,32.5,43.0,49.5
drop (%),1.2658227848101267,-3.1746031746031744,3.3707865168539324,-1.0204081632653061
relative (%),7.500000000000001,16.0,11.5,9.5
