natgen/DeadCodeInserter,deepseek-coder-6.7b-base,deepseek-coder-6.7b-instruct,semcoder_1030,semcoder_s_1030
nominal,39.5,31.5,44.5,49.0
passatk,38.0,39.0,45.0,48.0
drop (%),3.79746835443038,-23.809523809523807,-1.1235955056179776,2.0408163265306123
relative (%),10.5,16.499999999999996,13.5,8.0
