func_name/FuncRenameSwapChar,semcoder_1030,semcoder_s_1030
nominal,58.5,60.5
passatk,56.99999999999999,59.5
drop (%),2.5641025641025763,1.6528925619834711
relative (%),12.5,13.0
