func_name,semcoder_1030,semcoder_s_1030
nominal,58.5,60.5
passatk,46.5,42.5
drop (%),20.51282051282051,29.75206611570248
relative (%),28.499999999999996,33.5
