func_name/FuncRenameSwapChar,semcoder_1030,semcoder_s_1030
nominal,58.5,60.5
passatk,57.49999999999999,59.5
drop (%),1.7094017094017218,1.6528925619834711
relative (%),13.0,13.0
