func_name/FuncRenameSwapChar,deepseek-coder-6.7b-base,deepseek-coder-6.7b-instruct,semcoder_1030,semcoder_s_1030
nominal,34.0,40.5,58.5,60.5
passatk,38.0,37.0,56.99999999999999,59.5
drop (%),-11.76470588235294,8.641975308641975,2.5641025641025763,1.6528925619834711
relative (%),11.0,10.500000000000002,12.5,13.0
