func_name,deepseek-coder-6.7b-base,deepseek-coder-6.7b-instruct,semcoder_1030,semcoder_s_1030
nominal,34.0,40.5,58.5,60.5
passatk,26.5,27.0,46.5,42.5
drop (%),22.058823529411764,33.33333333333333,20.51282051282051,29.75206611570248
relative (%),24.0,22.500000000000004,28.000000000000004,33.5
