format/tab_indent,semcoder_1030,semcoder_s_1030
nominal,64.0,62.0
passatk,59.0,60.0
drop (%),7.8125,3.225806451612903
relative (%),14.000000000000002,17.0
