format/tab_indent,semcoder_s_1030
nominal,62.875
passatk,61.375
drop (%),2.3856858846918487
relative (%),13.750000000000002
