format/new_lines,semcoder_1030,semcoder_s_1030
nominal,64.0,62.0
passatk,62.0,61.0
drop (%),3.125,1.6129032258064515
relative (%),14.000000000000002,19.0
