format,deepseek-coder-6.7b-base,deepseek-coder-6.7b-instruct,semcoder_1030,semcoder_s_1030
nominal,34.0,40.5,58.5,60.5
passatk,28.499999999999996,30.5,48.0,52.0
drop (%),16.176470588235304,24.691358024691358,17.94871794871795,14.049586776859504
relative (%),21.000000000000004,20.5,22.5,20.5
