format/new_line_aftercode,deepseek-coder-6.7b-base,deepseek-coder-6.7b-instruct,semcoder_1030,semcoder_s_1030
nominal,42.0,37.0,64.0,62.0
passatk,40.5,40.5,57.49999999999999,64.5
drop (%),3.571428571428571,-9.45945945945946,10.15625000000001,-4.032258064516129
relative (%),8.5,16.5,23.5,18.5
