format,semcoder_1030,semcoder_s_1030
nominal,58.5,60.5
passatk,48.0,52.0
drop (%),17.94871794871795,14.049586776859504
relative (%),22.5,20.5
