format/new_line_afterdoc,deepseek-coder-6.7b-base,deepseek-coder-6.7b-instruct,semcoder_1030,semcoder_s_1030
nominal,34.0,40.5,58.5,60.5
passatk,36.5,38.0,60.0,59.0
drop (%),-7.352941176470589,6.172839506172839,-2.564102564102564,2.479338842975207
relative (%),8.5,8.5,8.5,10.5
