format/tab_indent,semcoder_1030,semcoder_s_1030
nominal,58.5,60.5
passatk,59.5,57.49999999999999
drop (%),-1.7094017094017095,4.958677685950425
relative (%),11.0,12.0
