format/new_line_aftercode,semcoder_1030,semcoder_s_1030
nominal,64.0,62.0
passatk,57.49999999999999,64.5
drop (%),10.15625000000001,-4.032258064516129
relative (%),23.5,18.5
