format/new_line_aftercode,semcoder_s_1030
nominal,62.875
passatk,63.74999999999999
drop (%),-1.3916500994035672
relative (%),14.124999999999998
