func_name/FuncRenameChangeChar,deepseek-coder-6.7b-base,deepseek-coder-6.7b-instruct,semcoder_1030,semcoder_s_1030
nominal,39.5,31.5,44.5,49.0
passatk,40.0,30.5,44.0,48.0
drop (%),-1.2658227848101267,3.1746031746031744,1.1235955056179776,2.0408163265306123
relative (%),11.5,13.0,7.500000000000001,8.0
