func_name/FuncRenameSwapChar,deepseek-coder-6.7b-base,deepseek-coder-6.7b-instruct,semcoder_1030,semcoder_s_1030
nominal,39.5,31.5,44.5,49.0
passatk,38.5,31.0,45.5,49.5
drop (%),2.5316455696202533,1.5873015873015872,-2.247191011235955,-1.0204081632653061
relative (%),5.0,5.5,4.0,4.5
