func_name/FuncRenameInflectionalVariation,deepseek-coder-6.7b-base,deepseek-coder-6.7b-instruct,semcoder_1030,semcoder_s_1030
nominal,39.0,36.0,45.0,44.0
passatk,37.5,35.0,44.0,42.5
drop (%),3.8461538461538463,2.7777777777777777,2.2222222222222223,3.4090909090909087
relative (%),5.500000000000001,3.0,5.0,2.5
