func_name/FuncRenameInflectionalVariation,deepseek-coder-6.7b-base,deepseek-coder-6.7b-instruct,semcoder_1030,semcoder_s_1030
nominal,39.5,31.5,44.5,49.0
passatk,39.5,33.5,45.0,50.0
drop (%),0.0,-6.349206349206349,-1.1235955056179776,-2.0408163265306123
relative (%),7.000000000000001,7.000000000000001,1.5,5.0
