func_name,semcoder_1030,semcoder_s_1030
nominal,44.5,49.0
passatk,39.5,42.0
drop (%),11.235955056179774,14.285714285714285
relative (%),12.5,15.0
