func_name,semcoder_1030,semcoder_s_1030
nominal,45.0,44.0
passatk,39.5,39.0
drop (%),12.222222222222221,11.363636363636363
relative (%),10.5,8.0
