func_name,deepseek-coder-6.7b-base,deepseek-coder-6.7b-instruct,semcoder_1030,semcoder_s_1030
nominal,39.0,36.0,45.0,44.0
passatk,29.5,27.500000000000004,39.5,39.0
drop (%),24.358974358974358,23.611111111111104,12.222222222222221,11.363636363636363
relative (%),14.000000000000002,15.000000000000002,10.5,8.0
