func_name/FuncRenameCamelCase,deepseek-coder-6.7b-base,deepseek-coder-6.7b-instruct,semcoder_1030,semcoder_s_1030
nominal,39.5,31.5,44.5,49.0
passatk,38.0,32.0,45.5,50.5
drop (%),3.79746835443038,-1.5873015873015872,-2.247191011235955,-3.061224489795918
relative (%),3.5000000000000004,2.5,3.0,4.5
